               epoch,      train/box_loss,      train/obj_loss,      train/cls_loss,   metrics/precision,      metrics/recall,     metrics/mAP_0.5,metrics/mAP_0.5:0.95,        val/box_loss,        val/obj_loss,        val/cls_loss,               x/lr0,               x/lr1,               x/lr2
                   0,              0.1222,             0.04115,                   0,           0.0050239,             0.28571,            0.016168,           0.0044857,             0.08566,            0.025482,                   0,              0.0964,              0.0004,              0.0004
                   1,             0.10646,              0.0376,                   0,           0.0039688,             0.35714,            0.016159,           0.0038331,            0.083687,            0.024406,                   0,            0.091898,          0.00089823,          0.00089823
                   2,             0.11835,             0.03462,                   0,           0.0053681,             0.21429,             0.01635,           0.0041025,            0.080349,            0.023647,                   0,            0.087394,           0.0013945,           0.0013945
                   3,             0.10256,            0.038889,                   0,            0.018905,             0.14286,             0.02685,            0.012316,            0.073322,            0.022747,                   0,            0.082889,           0.0018888,           0.0018888
                   4,            0.092284,             0.03891,                   0,            0.017705,             0.14286,            0.030426,            0.012703,            0.063825,            0.022282,                   0,            0.078381,           0.0023811,           0.0023811
                   5,             0.10412,            0.035134,                   0,            0.017629,             0.14286,             0.03674,            0.014989,            0.058556,             0.02176,                   0,            0.073871,           0.0028714,           0.0028714
                   6,            0.088448,             0.03618,                   0,            0.029174,             0.35714,             0.03868,            0.012671,             0.05368,            0.020528,                   0,             0.06936,           0.0033598,           0.0033598
                   7,            0.092784,            0.032642,                   0,            0.045018,             0.28571,             0.08039,            0.016653,            0.052084,            0.019736,                   0,            0.064846,           0.0038462,           0.0038462
                   8,            0.079898,            0.035101,                   0,              0.0473,             0.14286,            0.098611,            0.022868,            0.048893,            0.019468,                   0,            0.060331,           0.0043306,           0.0043306
                   9,            0.091572,            0.038653,                   0,             0.10117,             0.21429,             0.14927,            0.035431,            0.044234,            0.018587,                   0,            0.055813,            0.004813,            0.004813
                  10,            0.084475,            0.042205,                   0,             0.13093,            0.071429,              0.1444,            0.059652,            0.045874,            0.017941,                   0,            0.051294,           0.0052935,           0.0052935
                  11,            0.079081,            0.040018,                   0,              0.2669,             0.14286,             0.19407,            0.074704,            0.044408,            0.017846,                   0,            0.046772,            0.005772,            0.005772
                  12,             0.07814,             0.04349,                   0,             0.15293,             0.14286,             0.16345,            0.072566,             0.04487,            0.017152,                   0,            0.042249,           0.0062485,           0.0062485
                  13,             0.06933,             0.04342,                   0,             0.15293,             0.14286,             0.16345,            0.072566,             0.04487,            0.017152,                   0,            0.037723,           0.0067231,           0.0067231
                  14,            0.073675,            0.051761,                   0,             0.21327,             0.35714,             0.26888,             0.11442,            0.044974,            0.016995,                   0,            0.033196,           0.0071957,           0.0071957
                  15,               0.073,            0.052682,                   0,             0.15929,             0.35714,             0.19747,            0.091019,            0.042499,            0.018288,                   0,            0.028666,           0.0076663,           0.0076663
                  16,            0.065197,            0.034439,                   0,             0.63926,                 0.5,             0.47996,             0.17313,            0.042446,            0.018039,                   0,            0.024135,           0.0081349,           0.0081349
                  17,            0.064959,            0.037135,                   0,             0.63926,                 0.5,             0.47996,             0.17313,            0.042446,            0.018039,                   0,            0.019602,           0.0086016,           0.0086016
                  18,            0.076284,            0.041413,                   0,             0.36602,              0.4951,             0.33873,             0.16544,            0.040953,            0.018322,                   0,            0.015066,           0.0090663,           0.0090663
                  19,            0.069345,            0.031752,                   0,             0.65119,             0.35714,             0.42812,             0.19419,            0.038791,            0.016105,                   0,            0.010529,            0.009529,            0.009529
                  20,            0.072852,            0.034842,                   0,             0.65119,             0.35714,             0.42812,             0.19419,            0.038791,            0.016105,                   0,           0.0096056,           0.0096056,           0.0096056
                  21,              0.0673,            0.036954,                   0,              0.2941,             0.50613,             0.34755,             0.12699,            0.039254,             0.01637,                   0,           0.0096056,           0.0096056,           0.0096056
                  22,            0.074981,            0.030274,                   0,             0.58262,             0.35714,             0.45147,             0.17697,            0.040759,            0.015939,                   0,           0.0095859,           0.0095859,           0.0095859
                  23,            0.061136,            0.033666,                   0,             0.58262,             0.35714,             0.45147,             0.17697,            0.040759,            0.015939,                   0,           0.0095661,           0.0095661,           0.0095661
                  24,            0.071049,            0.042525,                   0,              0.6662,             0.28571,             0.44676,             0.22138,            0.037228,            0.015205,                   0,           0.0095464,           0.0095464,           0.0095464
                  25,            0.062047,            0.041076,                   0,              0.6662,             0.28571,             0.44676,             0.22138,            0.037228,            0.015205,                   0,           0.0095267,           0.0095267,           0.0095267
                  26,             0.06462,            0.032489,                   0,             0.34666,             0.71429,             0.45716,             0.26151,            0.035903,            0.014491,                   0,            0.009507,            0.009507,            0.009507
                  27,            0.063812,            0.042058,                   0,             0.51612,             0.71429,             0.64775,             0.26524,            0.031794,            0.015104,                   0,           0.0094873,           0.0094873,           0.0094873
                  28,            0.050454,            0.027758,                   0,             0.51612,             0.71429,             0.64775,             0.26524,            0.031794,            0.015104,                   0,           0.0094675,           0.0094675,           0.0094675
                  29,             0.06446,            0.034324,                   0,             0.30885,             0.28571,             0.28131,             0.09085,            0.037274,            0.013804,                   0,           0.0094478,           0.0094478,           0.0094478
                  30,            0.067877,            0.043303,                   0,             0.35846,             0.64286,             0.42314,             0.16006,            0.039179,            0.011535,                   0,           0.0094281,           0.0094281,           0.0094281
                  31,            0.068259,            0.029472,                   0,             0.35846,             0.64286,             0.42314,             0.16006,            0.039179,            0.011535,                   0,           0.0094084,           0.0094084,           0.0094084
                  32,            0.073822,            0.027845,                   0,              0.3653,             0.78571,             0.52148,             0.24347,            0.030395,            0.012198,                   0,           0.0093886,           0.0093886,           0.0093886
                  33,            0.057067,            0.025201,                   0,              0.3653,             0.78571,             0.52148,             0.24347,            0.030395,            0.012198,                   0,           0.0093689,           0.0093689,           0.0093689
                  34,            0.062771,            0.032008,                   0,             0.35832,             0.57143,             0.50728,             0.26236,            0.029553,            0.012028,                   0,           0.0093492,           0.0093492,           0.0093492
                  35,            0.069376,            0.035485,                   0,             0.44516,             0.42857,             0.47328,             0.20112,            0.032528,            0.011235,                   0,           0.0093295,           0.0093295,           0.0093295
                  36,            0.063256,            0.028707,                   0,             0.44516,             0.42857,             0.47328,             0.20112,            0.032528,            0.011235,                   0,           0.0093098,           0.0093098,           0.0093098
                  37,            0.059418,              0.0289,                   0,             0.34521,             0.57143,             0.54042,             0.27292,            0.033436,            0.010886,                   0,             0.00929,             0.00929,             0.00929
                  38,            0.057678,            0.029568,                   0,             0.46896,             0.75769,             0.61079,             0.27434,            0.034994,            0.010923,                   0,           0.0092703,           0.0092703,           0.0092703
                  39,            0.062288,            0.033039,                   0,             0.46896,             0.75769,             0.61079,             0.27434,            0.034994,            0.010923,                   0,           0.0092506,           0.0092506,           0.0092506
                  40,             0.04733,            0.023342,                   0,             0.43638,             0.78571,             0.61821,              0.3305,            0.034494,            0.010612,                   0,           0.0092309,           0.0092309,           0.0092309
                  41,            0.063454,            0.036618,                   0,             0.43638,             0.78571,             0.61821,              0.3305,            0.034494,            0.010612,                   0,           0.0092112,           0.0092112,           0.0092112
                  42,            0.056131,            0.031934,                   0,             0.41151,             0.92857,             0.63314,             0.33392,            0.034738,            0.010452,                   0,           0.0091914,           0.0091914,           0.0091914
                  43,            0.043142,            0.022571,                   0,             0.53793,             0.74932,             0.74888,             0.43238,            0.024095,            0.010077,                   0,           0.0091717,           0.0091717,           0.0091717
                  44,            0.057745,            0.033449,                   0,             0.53793,             0.74932,             0.74888,             0.43238,            0.024095,            0.010077,                   0,            0.009152,            0.009152,            0.009152
                  45,            0.065628,            0.033517,                   0,             0.97864,             0.64286,             0.86964,             0.46507,            0.025512,           0.0099926,                   0,           0.0091323,           0.0091323,           0.0091323
                  46,            0.045795,            0.028759,                   0,             0.35228,             0.71429,             0.41921,             0.18135,            0.040694,           0.0097697,                   0,           0.0091125,           0.0091125,           0.0091125
                  47,            0.062283,            0.031174,                   0,             0.35228,             0.71429,             0.41921,             0.18135,            0.040694,           0.0097697,                   0,           0.0090928,           0.0090928,           0.0090928
                  48,            0.063892,            0.036927,                   0,             0.49003,             0.89296,             0.65583,             0.35737,            0.034845,           0.0096169,                   0,           0.0090731,           0.0090731,           0.0090731
                  49,            0.060537,            0.028853,                   0,             0.49003,             0.89296,             0.65583,             0.35737,            0.034845,           0.0096169,                   0,           0.0090534,           0.0090534,           0.0090534
                  50,             0.05964,            0.034869,                   0,             0.71104,             0.71429,             0.78947,             0.45547,            0.032766,            0.010011,                   0,           0.0090337,           0.0090337,           0.0090337
                  51,            0.063561,            0.039221,                   0,             0.43192,             0.71429,             0.51941,             0.19737,            0.037007,             0.01067,                   0,           0.0090139,           0.0090139,           0.0090139
                  52,            0.059525,            0.027722,                   0,             0.43192,             0.71429,             0.51941,             0.19737,            0.037007,             0.01067,                   0,           0.0089942,           0.0089942,           0.0089942
                  53,            0.055214,            0.023164,                   0,             0.59288,             0.64286,             0.72926,             0.37808,            0.036113,             0.01044,                   0,           0.0089745,           0.0089745,           0.0089745
                  54,            0.047392,            0.022821,                   0,             0.54363,             0.78571,             0.68655,             0.27042,            0.036017,           0.0097308,                   0,           0.0089548,           0.0089548,           0.0089548
                  55,            0.062889,            0.038071,                   0,             0.54363,             0.78571,             0.68655,             0.27042,            0.036017,           0.0097308,                   0,           0.0089351,           0.0089351,           0.0089351
                  56,            0.061302,            0.019033,                   0,              0.6068,             0.78571,             0.72862,             0.34468,            0.028067,            0.010428,                   0,           0.0089153,           0.0089153,           0.0089153
                  57,            0.053454,            0.027632,                   0,              0.6068,             0.78571,             0.72862,             0.34468,            0.028067,            0.010428,                   0,           0.0088956,           0.0088956,           0.0088956
                  58,            0.047304,            0.022322,                   0,             0.49912,             0.78571,             0.67954,             0.30635,            0.027459,            0.010492,                   0,           0.0088759,           0.0088759,           0.0088759
                  59,            0.050788,            0.025613,                   0,             0.81873,             0.78571,             0.84549,             0.44063,            0.024053,            0.010249,                   0,           0.0088562,           0.0088562,           0.0088562
                  60,            0.051722,            0.029018,                   0,             0.81873,             0.78571,             0.84549,             0.44063,            0.024053,            0.010249,                   0,           0.0088365,           0.0088365,           0.0088365
                  61,            0.043811,            0.022266,                   0,             0.84623,             0.78571,             0.85564,             0.45722,            0.023061,           0.0099061,                   0,           0.0088167,           0.0088167,           0.0088167
                  62,            0.051033,            0.033409,                   0,              0.5145,             0.64286,             0.57904,             0.25504,            0.027418,            0.010096,                   0,            0.008797,            0.008797,            0.008797
                  63,            0.049599,            0.022015,                   0,              0.5145,             0.64286,             0.57904,             0.25504,            0.027418,            0.010096,                   0,           0.0087773,           0.0087773,           0.0087773
                  64,            0.053306,            0.026227,                   0,             0.76922,             0.78571,             0.79656,             0.41092,            0.023747,           0.0096827,                   0,           0.0087576,           0.0087576,           0.0087576
                  65,            0.053535,            0.025723,                   0,             0.76922,             0.78571,             0.79656,             0.41092,            0.023747,           0.0096827,                   0,           0.0087378,           0.0087378,           0.0087378
                  66,            0.051878,            0.033598,                   0,             0.85204,             0.85714,             0.89015,             0.45761,            0.023533,           0.0096042,                   0,           0.0087181,           0.0087181,           0.0087181
                  67,            0.042385,            0.020328,                   0,             0.78434,             0.77977,             0.81583,             0.38676,            0.024769,           0.0096142,                   0,           0.0086984,           0.0086984,           0.0086984
                  68,            0.046074,            0.029132,                   0,             0.78434,             0.77977,             0.81583,             0.38676,            0.024769,           0.0096142,                   0,           0.0086787,           0.0086787,           0.0086787
                  69,            0.053638,            0.021281,                   0,             0.88025,             0.85714,             0.92059,             0.52962,            0.024294,           0.0093002,                   0,            0.008659,            0.008659,            0.008659
                  70,            0.043825,            0.024281,                   0,              0.5038,             0.78571,             0.66816,             0.28242,            0.031097,           0.0098579,                   0,           0.0086392,           0.0086392,           0.0086392
                  71,              0.0438,            0.020289,                   0,              0.5038,             0.78571,             0.66816,             0.28242,            0.031097,           0.0098579,                   0,           0.0086195,           0.0086195,           0.0086195
                  72,            0.053052,            0.027746,                   0,             0.87572,             0.78571,             0.90178,             0.49233,            0.026681,           0.0096002,                   0,           0.0085998,           0.0085998,           0.0085998
                  73,            0.035125,            0.021364,                   0,             0.87572,             0.78571,             0.90178,             0.49233,            0.026681,           0.0096002,                   0,           0.0085801,           0.0085801,           0.0085801
                  74,            0.043379,            0.021491,                   0,             0.64224,             0.89849,             0.77346,             0.42949,            0.027317,           0.0094631,                   0,           0.0085604,           0.0085604,           0.0085604
                  75,            0.047503,            0.026768,                   0,             0.51932,             0.77224,             0.66236,             0.25308,             0.03436,           0.0096428,                   0,           0.0085406,           0.0085406,           0.0085406
                  76,            0.049361,            0.027024,                   0,             0.51932,             0.77224,             0.66236,             0.25308,             0.03436,           0.0096428,                   0,           0.0085209,           0.0085209,           0.0085209
                  77,            0.040513,            0.020225,                   0,             0.82134,             0.78571,             0.87456,             0.42405,            0.024794,           0.0094547,                   0,           0.0085012,           0.0085012,           0.0085012
                  78,            0.042034,            0.024479,                   0,              0.5704,             0.78571,             0.65031,             0.33347,            0.030807,           0.0088804,                   0,           0.0084815,           0.0084815,           0.0084815
                  79,            0.054355,            0.020868,                   0,              0.5704,             0.78571,             0.65031,             0.33347,            0.030807,           0.0088804,                   0,           0.0084618,           0.0084618,           0.0084618
                  80,            0.061217,            0.030149,                   0,             0.68346,             0.78571,             0.73751,             0.42764,            0.027028,             0.00893,                   0,            0.008442,            0.008442,            0.008442
                  81,            0.048079,            0.024664,                   0,             0.68346,             0.78571,             0.73751,             0.42764,            0.027028,             0.00893,                   0,           0.0084223,           0.0084223,           0.0084223
                  82,            0.048545,             0.02242,                   0,             0.89658,             0.78571,             0.89503,             0.50021,            0.026376,           0.0088298,                   0,           0.0084026,           0.0084026,           0.0084026
                  83,            0.048395,            0.029015,                   0,             0.81672,             0.64286,             0.82714,             0.44147,            0.024097,           0.0089977,                   0,           0.0083829,           0.0083829,           0.0083829
                  84,            0.041786,            0.019321,                   0,             0.81672,             0.64286,             0.82714,             0.44147,            0.024097,           0.0089977,                   0,           0.0083631,           0.0083631,           0.0083631
                  85,            0.043831,            0.019156,                   0,                   1,             0.77048,             0.93936,             0.53468,            0.021964,           0.0089676,                   0,           0.0083434,           0.0083434,           0.0083434
                  86,            0.050762,            0.024853,                   0,             0.91122,             0.73434,             0.91483,             0.56588,             0.02123,           0.0093791,                   0,           0.0083237,           0.0083237,           0.0083237
                  87,            0.045719,            0.024425,                   0,             0.91122,             0.73434,             0.91483,             0.56588,             0.02123,           0.0093791,                   0,            0.008304,            0.008304,            0.008304
                  88,            0.054941,            0.025972,                   0,             0.81046,             0.91693,             0.90037,             0.58364,            0.024423,           0.0089643,                   0,           0.0082843,           0.0082843,           0.0082843
                  89,            0.042948,            0.030392,                   0,             0.81046,             0.91693,             0.90037,             0.58364,            0.024423,           0.0089643,                   0,           0.0082645,           0.0082645,           0.0082645
                  90,            0.038391,            0.022539,                   0,             0.90182,             0.78571,              0.9078,              0.5499,            0.026581,           0.0088468,                   0,           0.0082448,           0.0082448,           0.0082448
                  91,            0.039147,            0.019467,                   0,             0.92166,             0.84135,             0.91454,             0.47931,            0.023308,           0.0087824,                   0,           0.0082251,           0.0082251,           0.0082251
                  92,            0.052437,            0.024419,                   0,             0.92166,             0.84135,             0.91454,             0.47931,            0.023308,           0.0087824,                   0,           0.0082054,           0.0082054,           0.0082054
                  93,             0.04797,             0.02791,                   0,             0.90514,             0.78571,             0.87732,             0.52391,            0.022237,           0.0090773,                   0,           0.0081857,           0.0081857,           0.0081857
                  94,            0.044516,            0.033407,                   0,             0.77073,             0.78571,             0.87731,             0.44165,             0.02489,           0.0085785,                   0,           0.0081659,           0.0081659,           0.0081659
                  95,            0.050287,            0.023055,                   0,             0.77073,             0.78571,             0.87731,             0.44165,             0.02489,           0.0085785,                   0,           0.0081462,           0.0081462,           0.0081462
                  96,            0.051096,            0.021561,                   0,             0.87129,             0.85714,              0.9259,             0.51285,            0.022746,           0.0085492,                   0,           0.0081265,           0.0081265,           0.0081265
                  97,             0.04264,            0.027847,                   0,             0.87129,             0.85714,              0.9259,             0.51285,            0.022746,           0.0085492,                   0,           0.0081068,           0.0081068,           0.0081068
                  98,            0.038476,            0.022296,                   0,             0.86668,             0.85714,             0.90714,             0.48439,            0.023791,           0.0087247,                   0,           0.0080871,           0.0080871,           0.0080871
                  99,            0.044509,            0.019083,                   0,             0.84853,             0.85714,             0.90787,             0.52328,            0.025498,           0.0087018,                   0,           0.0080673,           0.0080673,           0.0080673
                 100,            0.043201,            0.023264,                   0,             0.84853,             0.85714,             0.90787,             0.52328,            0.025498,           0.0087018,                   0,           0.0080476,           0.0080476,           0.0080476
                 101,              0.0392,            0.023996,                   0,             0.97657,             0.85714,             0.94209,             0.46383,            0.024947,           0.0088468,                   0,           0.0080279,           0.0080279,           0.0080279
                 102,            0.049991,            0.025126,                   0,             0.98233,             0.85714,             0.93173,             0.59022,            0.023295,           0.0085375,                   0,           0.0080082,           0.0080082,           0.0080082
                 103,            0.046471,            0.021968,                   0,             0.98233,             0.85714,             0.93173,             0.59022,            0.023295,           0.0085375,                   0,           0.0079884,           0.0079884,           0.0079884
                 104,            0.047845,            0.022113,                   0,             0.99794,             0.92857,             0.97944,             0.59341,            0.021298,           0.0089524,                   0,           0.0079687,           0.0079687,           0.0079687
                 105,            0.048699,            0.024973,                   0,             0.99794,             0.92857,             0.97944,             0.59341,            0.021298,           0.0089524,                   0,            0.007949,            0.007949,            0.007949
                 106,            0.042861,            0.023076,                   0,             0.98962,             0.92857,             0.97167,             0.62145,            0.020919,           0.0092671,                   0,           0.0079293,           0.0079293,           0.0079293
                 107,            0.045772,            0.026767,                   0,             0.98063,             0.92857,                0.96,             0.63736,            0.021725,           0.0091867,                   0,           0.0079096,           0.0079096,           0.0079096
                 108,            0.042083,            0.017583,                   0,             0.98063,             0.92857,                0.96,             0.63736,            0.021725,           0.0091867,                   0,           0.0078898,           0.0078898,           0.0078898
                 109,            0.042794,            0.021448,                   0,             0.98429,             0.92857,                0.96,             0.64287,            0.020549,           0.0093868,                   0,           0.0078701,           0.0078701,           0.0078701
                 110,            0.041806,            0.021281,                   0,                   1,             0.91925,              0.9613,             0.64123,            0.020432,           0.0082238,                   0,           0.0078504,           0.0078504,           0.0078504
                 111,            0.041699,            0.022873,                   0,                   1,             0.91925,              0.9613,             0.64123,            0.020432,           0.0082238,                   0,           0.0078307,           0.0078307,           0.0078307
                 112,             0.03673,            0.018529,                   0,                   1,             0.91372,             0.96583,             0.66452,            0.019207,           0.0081024,                   0,            0.007811,            0.007811,            0.007811
                 113,            0.044087,            0.021642,                   0,                   1,             0.91372,             0.96583,             0.66452,            0.019207,           0.0081024,                   0,           0.0077912,           0.0077912,           0.0077912
                 114,            0.041276,            0.023642,                   0,                   1,             0.91744,             0.95879,             0.62847,            0.019883,           0.0081275,                   0,           0.0077715,           0.0077715,           0.0077715
                 115,            0.047246,            0.022629,                   0,                   1,               0.924,             0.96761,              0.6294,             0.01922,           0.0079086,                   0,           0.0077518,           0.0077518,           0.0077518
                 116,            0.042936,            0.018573,                   0,                   1,               0.924,             0.96761,              0.6294,             0.01922,           0.0079086,                   0,           0.0077321,           0.0077321,           0.0077321
                 117,            0.041093,            0.019076,                   0,             0.92314,             0.92857,             0.96955,              0.6648,            0.019587,           0.0080867,                   0,           0.0077124,           0.0077124,           0.0077124
                 118,            0.035959,            0.021509,                   0,             0.90868,             0.92857,              0.9592,             0.50955,            0.024493,           0.0084317,                   0,           0.0076926,           0.0076926,           0.0076926
                 119,            0.050526,            0.023113,                   0,             0.90868,             0.92857,              0.9592,             0.50955,            0.024493,           0.0084317,                   0,           0.0076729,           0.0076729,           0.0076729
                 120,            0.038148,            0.019246,                   0,                   1,             0.90511,             0.96583,             0.58471,            0.019671,           0.0090182,                   0,           0.0076532,           0.0076532,           0.0076532
                 121,             0.03822,            0.021069,                   0,                   1,             0.90511,             0.96583,             0.58471,            0.019671,           0.0090182,                   0,           0.0076335,           0.0076335,           0.0076335
                 122,             0.03799,            0.020562,                   0,             0.98169,             0.85714,             0.94688,             0.61977,            0.018777,           0.0094769,                   0,           0.0076137,           0.0076137,           0.0076137
                 123,            0.038673,            0.023194,                   0,                   1,             0.89924,             0.95767,             0.46389,            0.023838,           0.0085251,                   0,            0.007594,            0.007594,            0.007594
                 124,            0.033111,            0.017293,                   0,                   1,             0.89924,             0.95767,             0.46389,            0.023838,           0.0085251,                   0,           0.0075743,           0.0075743,           0.0075743
                 125,            0.046191,            0.019227,                   0,             0.92548,             0.92857,             0.95161,             0.55759,            0.022299,           0.0085552,                   0,           0.0075546,           0.0075546,           0.0075546
                 126,            0.036603,            0.024673,                   0,             0.86562,             0.92075,             0.94408,             0.62651,            0.021694,           0.0089355,                   0,           0.0075349,           0.0075349,           0.0075349
                 127,            0.036424,             0.01983,                   0,             0.86562,             0.92075,             0.94408,             0.62651,            0.021694,           0.0089355,                   0,           0.0075151,           0.0075151,           0.0075151
                 128,            0.034134,            0.018089,                   0,             0.84582,             0.92857,             0.94259,             0.59914,            0.022683,           0.0088031,                   0,           0.0074954,           0.0074954,           0.0074954
                 129,            0.039452,            0.016714,                   0,             0.84582,             0.92857,             0.94259,             0.59914,            0.022683,           0.0088031,                   0,           0.0074757,           0.0074757,           0.0074757
                 130,            0.033612,            0.021938,                   0,             0.92442,             0.87454,               0.935,             0.52122,            0.025865,           0.0089471,                   0,            0.007456,            0.007456,            0.007456
                 131,             0.03674,            0.022065,                   0,             0.92714,             0.91002,             0.93512,             0.61527,            0.020995,           0.0092251,                   0,           0.0074363,           0.0074363,           0.0074363
                 132,            0.044901,            0.024782,                   0,             0.92714,             0.91002,             0.93512,             0.61527,            0.020995,           0.0092251,                   0,           0.0074165,           0.0074165,           0.0074165
                 133,            0.035677,            0.022362,                   0,             0.92825,             0.92445,             0.94095,             0.52509,            0.023632,           0.0092142,                   0,           0.0073968,           0.0073968,           0.0073968
                 134,            0.032354,            0.017876,                   0,             0.83506,             0.92857,             0.94259,              0.5466,            0.025627,           0.0085597,                   0,           0.0073771,           0.0073771,           0.0073771
                 135,            0.032811,            0.022124,                   0,             0.83506,             0.92857,             0.94259,              0.5466,            0.025627,           0.0085597,                   0,           0.0073574,           0.0073574,           0.0073574
                 136,            0.028361,            0.018012,                   0,             0.92817,             0.92334,               0.959,             0.57704,            0.024396,           0.0084062,                   0,           0.0073376,           0.0073376,           0.0073376
                 137,            0.040624,             0.01452,                   0,             0.92817,             0.92334,               0.959,             0.57704,            0.024396,           0.0084062,                   0,           0.0073179,           0.0073179,           0.0073179
                 138,            0.040398,            0.021095,                   0,             0.85921,             0.92857,              0.9441,             0.59054,            0.023257,           0.0084212,                   0,           0.0072982,           0.0072982,           0.0072982
                 139,            0.033886,            0.017718,                   0,             0.92774,             0.91782,             0.95761,             0.60692,            0.019062,           0.0084076,                   0,           0.0072785,           0.0072785,           0.0072785
                 140,            0.029846,            0.020493,                   0,             0.92774,             0.91782,             0.95761,             0.60692,            0.019062,           0.0084076,                   0,           0.0072588,           0.0072588,           0.0072588
                 141,            0.033173,            0.020573,                   0,                   1,             0.87373,             0.96583,             0.65542,            0.019262,           0.0082004,                   0,            0.007239,            0.007239,            0.007239
                 142,            0.034526,            0.017557,                   0,             0.97825,             0.92857,               0.974,             0.63774,            0.020562,           0.0078483,                   0,           0.0072193,           0.0072193,           0.0072193
                 143,            0.044709,            0.023334,                   0,             0.97825,             0.92857,               0.974,             0.63774,            0.020562,           0.0078483,                   0,           0.0071996,           0.0071996,           0.0071996
                 144,            0.042782,            0.020411,                   0,             0.97629,             0.92857,             0.98625,             0.61677,            0.020129,           0.0077915,                   0,           0.0071799,           0.0071799,           0.0071799
                 145,            0.039304,            0.020516,                   0,             0.97629,             0.92857,             0.98625,             0.61677,            0.020129,           0.0077915,                   0,           0.0071602,           0.0071602,           0.0071602
                 146,             0.03721,            0.019736,                   0,             0.93156,             0.97347,             0.99033,             0.62795,            0.020321,           0.0077672,                   0,           0.0071404,           0.0071404,           0.0071404
                 147,            0.036331,            0.020276,                   0,             0.98351,             0.92857,             0.99033,             0.68861,            0.017959,           0.0076852,                   0,           0.0071207,           0.0071207,           0.0071207
                 148,            0.032256,            0.019254,                   0,             0.98351,             0.92857,             0.99033,             0.68861,            0.017959,           0.0076852,                   0,            0.007101,            0.007101,            0.007101
                 149,            0.031414,            0.021609,                   0,             0.88034,             0.92857,             0.98125,             0.70447,             0.01656,           0.0077968,                   0,           0.0070813,           0.0070813,           0.0070813
                 150,            0.037477,            0.026236,                   0,             0.97713,             0.85714,             0.96021,              0.5981,            0.017277,           0.0080373,                   0,           0.0070616,           0.0070616,           0.0070616
                 151,            0.032065,            0.021146,                   0,             0.97713,             0.85714,             0.96021,              0.5981,            0.017277,           0.0080373,                   0,           0.0070418,           0.0070418,           0.0070418
                 152,            0.029849,            0.018058,                   0,             0.85085,             0.92857,             0.94944,             0.60652,            0.017011,            0.008106,                   0,           0.0070221,           0.0070221,           0.0070221
                 153,            0.031291,            0.017436,                   0,             0.85085,             0.92857,             0.94944,             0.60652,            0.017011,            0.008106,                   0,           0.0070024,           0.0070024,           0.0070024
                 154,            0.026891,            0.014311,                   0,             0.86595,             0.92319,             0.94751,              0.6092,            0.017509,           0.0084395,                   0,           0.0069827,           0.0069827,           0.0069827
                 155,            0.036704,            0.018635,                   0,             0.86598,             0.92342,             0.94751,             0.57593,            0.018392,           0.0080142,                   0,           0.0069629,           0.0069629,           0.0069629
                 156,            0.027145,            0.016341,                   0,             0.86598,             0.92342,             0.94751,             0.57593,            0.018392,           0.0080142,                   0,           0.0069432,           0.0069432,           0.0069432
                 157,            0.035627,            0.019702,                   0,             0.86454,              0.9126,             0.94944,             0.63488,            0.018197,           0.0080762,                   0,           0.0069235,           0.0069235,           0.0069235
                 158,            0.030577,            0.019403,                   0,             0.85775,             0.78571,             0.90336,             0.61578,            0.021076,             0.00892,                   0,           0.0069038,           0.0069038,           0.0069038
                 159,            0.040104,             0.01733,                   0,             0.85775,             0.78571,             0.90336,             0.61578,            0.021076,             0.00892,                   0,           0.0068841,           0.0068841,           0.0068841
                 160,            0.038254,            0.023087,                   0,              0.8644,             0.91154,             0.92881,             0.51535,            0.020708,           0.0090828,                   0,           0.0068643,           0.0068643,           0.0068643
                 161,            0.031073,            0.018108,                   0,              0.8644,             0.91154,             0.92881,             0.51535,            0.020708,           0.0090828,                   0,           0.0068446,           0.0068446,           0.0068446
                 162,             0.03134,            0.018577,                   0,             0.92287,             0.85482,             0.92195,             0.50242,            0.021014,            0.009207,                   0,           0.0068249,           0.0068249,           0.0068249
                 163,            0.029008,             0.01484,                   0,             0.92287,             0.85485,             0.86815,             0.59056,            0.020256,           0.0087774,                   0,           0.0068052,           0.0068052,           0.0068052
                 164,            0.032961,            0.017516,                   0,             0.92287,             0.85485,             0.86815,             0.59056,            0.020256,           0.0087774,                   0,           0.0067855,           0.0067855,           0.0067855
                 165,            0.036169,            0.018844,                   0,             0.85208,             0.85714,             0.83887,             0.59659,            0.021217,           0.0086944,                   0,           0.0067657,           0.0067657,           0.0067657
                 166,            0.033752,            0.024762,                   0,             0.92164,             0.84117,             0.83283,             0.48172,            0.022678,           0.0089571,                   0,            0.006746,            0.006746,            0.006746
                 167,            0.030042,            0.015924,                   0,             0.92164,             0.84117,             0.83283,             0.48172,            0.022678,           0.0089571,                   0,           0.0067263,           0.0067263,           0.0067263
                 168,            0.031498,            0.022014,                   0,             0.85218,             0.85714,             0.84432,             0.58167,            0.019033,           0.0088732,                   0,           0.0067066,           0.0067066,           0.0067066
                 169,            0.032394,            0.018156,                   0,             0.85218,             0.85714,             0.84432,             0.58167,            0.019033,           0.0088732,                   0,           0.0066869,           0.0066869,           0.0066869
                 170,            0.031743,            0.021902,                   0,             0.85644,             0.85714,             0.83922,             0.57205,            0.020562,           0.0092337,                   0,           0.0066671,           0.0066671,           0.0066671
                 171,            0.032475,            0.021693,                   0,             0.79368,             0.85714,             0.83377,             0.40114,            0.025009,           0.0092967,                   0,           0.0066474,           0.0066474,           0.0066474
                 172,            0.036138,            0.020226,                   0,             0.79368,             0.85714,             0.83377,             0.40114,            0.025009,           0.0092967,                   0,           0.0066277,           0.0066277,           0.0066277
                 173,            0.037441,            0.015312,                   0,             0.85012,             0.81151,             0.84064,             0.44215,            0.023354,           0.0093167,                   0,            0.006608,            0.006608,            0.006608
                 174,             0.03588,            0.018941,                   0,              0.9216,             0.85714,             0.85669,             0.57017,            0.021181,           0.0097835,                   0,           0.0065882,           0.0065882,           0.0065882
                 175,            0.024868,            0.013379,                   0,              0.9216,             0.85714,             0.85669,             0.57017,            0.021181,           0.0097835,                   0,           0.0065685,           0.0065685,           0.0065685
                 176,            0.032558,            0.014399,                   0,             0.91488,             0.85714,              0.8511,             0.58324,             0.02216,           0.0098689,                   0,           0.0065488,           0.0065488,           0.0065488
                 177,            0.031784,             0.01633,                   0,             0.91488,             0.85714,              0.8511,             0.58324,             0.02216,           0.0098689,                   0,           0.0065291,           0.0065291,           0.0065291
                 178,            0.031951,            0.017467,                   0,             0.91392,             0.85714,             0.86827,             0.58574,            0.022937,           0.0099423,                   0,           0.0065094,           0.0065094,           0.0065094
                 179,            0.029656,            0.017117,                   0,             0.91277,             0.85714,              0.9087,             0.59884,            0.019516,           0.0095012,                   0,           0.0064896,           0.0064896,           0.0064896
                 180,            0.036291,            0.020895,                   0,             0.91277,             0.85714,              0.9087,             0.59884,            0.019516,           0.0095012,                   0,           0.0064699,           0.0064699,           0.0064699
                 181,            0.043009,            0.015919,                   0,             0.91183,             0.85714,             0.89213,             0.63484,            0.019496,           0.0091474,                   0,           0.0064502,           0.0064502,           0.0064502
                 182,            0.039451,            0.018708,                   0,             0.91055,             0.85714,             0.91973,             0.63333,            0.024294,            0.008255,                   0,           0.0064305,           0.0064305,           0.0064305
                 183,            0.029677,             0.01618,                   0,             0.91055,             0.85714,             0.91973,             0.63333,            0.024294,            0.008255,                   0,           0.0064108,           0.0064108,           0.0064108
                 184,            0.026858,            0.016242,                   0,              0.8646,             0.91309,             0.92913,             0.64381,            0.020814,           0.0080993,                   0,            0.006391,            0.006391,            0.006391
                 185,            0.035362,            0.017757,                   0,              0.8646,             0.91309,             0.92913,             0.64381,            0.020814,           0.0080993,                   0,           0.0063713,           0.0063713,           0.0063713
                 186,            0.028621,            0.014504,                   0,             0.91293,             0.85714,             0.93039,              0.6611,            0.019752,           0.0081089,                   0,           0.0063516,           0.0063516,           0.0063516
                 187,            0.029907,             0.01803,                   0,             0.92024,             0.85714,             0.93828,             0.59949,            0.018589,           0.0085666,                   0,           0.0063319,           0.0063319,           0.0063319
                 188,            0.028257,            0.015503,                   0,             0.92024,             0.85714,             0.93828,             0.59949,            0.018589,           0.0085666,                   0,           0.0063122,           0.0063122,           0.0063122
                 189,            0.028302,            0.019316,                   0,             0.92573,             0.92857,             0.92833,             0.55885,            0.017956,           0.0092459,                   0,           0.0062924,           0.0062924,           0.0062924
                 190,            0.036559,            0.018047,                   0,             0.92854,             0.92818,               0.959,             0.66487,            0.018562,            0.008692,                   0,           0.0062727,           0.0062727,           0.0062727
                 191,             0.03259,            0.014462,                   0,             0.92854,             0.92818,               0.959,             0.66487,            0.018562,            0.008692,                   0,            0.006253,            0.006253,            0.006253
                 192,            0.026639,            0.018923,                   0,             0.92359,             0.92857,             0.96944,             0.66482,            0.017463,           0.0086713,                   0,           0.0062333,           0.0062333,           0.0062333
                 193,            0.035111,            0.017869,                   0,             0.92359,             0.92857,             0.96944,             0.66482,            0.017463,           0.0086713,                   0,           0.0062135,           0.0062135,           0.0062135
                 194,            0.029608,            0.015089,                   0,             0.92351,             0.92857,             0.97265,             0.63804,            0.017348,            0.008656,                   0,           0.0061938,           0.0061938,           0.0061938
                 195,             0.02531,            0.012945,                   0,             0.98404,                   1,               0.995,             0.64891,            0.020723,           0.0080726,                   0,           0.0061741,           0.0061741,           0.0061741
                 196,            0.039995,            0.014745,                   0,             0.98404,                   1,               0.995,             0.64891,            0.020723,           0.0080726,                   0,           0.0061544,           0.0061544,           0.0061544
                 197,            0.037487,            0.018521,                   0,             0.99922,                   1,               0.995,             0.69421,            0.020398,           0.0078042,                   0,           0.0061347,           0.0061347,           0.0061347
                 198,             0.03406,            0.015793,                   0,             0.98312,                   1,               0.995,             0.65063,            0.020598,           0.0081589,                   0,           0.0061149,           0.0061149,           0.0061149
                 199,            0.034088,            0.018021,                   0,             0.98312,                   1,               0.995,             0.65063,            0.020598,           0.0081589,                   0,           0.0060952,           0.0060952,           0.0060952
                 200,            0.040803,            0.021276,                   0,                   1,             0.99563,               0.995,             0.62104,            0.018538,           0.0084801,                   0,           0.0060755,           0.0060755,           0.0060755
                 201,            0.030357,            0.016491,                   0,                   1,             0.99563,               0.995,             0.62104,            0.018538,           0.0084801,                   0,           0.0060558,           0.0060558,           0.0060558
                 202,            0.033361,            0.019275,                   0,              0.9324,             0.98597,             0.98567,             0.62409,            0.017777,           0.0085194,                   0,           0.0060361,           0.0060361,           0.0060361
                 203,            0.032992,            0.019387,                   0,                   1,             0.98558,               0.995,             0.68138,            0.018253,           0.0080361,                   0,           0.0060163,           0.0060163,           0.0060163
                 204,            0.035507,            0.021825,                   0,                   1,             0.98558,               0.995,             0.68138,            0.018253,           0.0080361,                   0,           0.0059966,           0.0059966,           0.0059966
                 205,            0.028547,               0.019,                   0,                   1,             0.98333,               0.995,             0.67853,            0.017008,           0.0078516,                   0,           0.0059769,           0.0059769,           0.0059769
                 206,            0.036328,            0.021161,                   0,             0.99618,             0.92857,             0.98625,             0.68964,            0.018788,           0.0078368,                   0,           0.0059572,           0.0059572,           0.0059572
                 207,            0.032498,            0.020262,                   0,             0.99618,             0.92857,             0.98625,             0.68964,            0.018788,           0.0078368,                   0,           0.0059375,           0.0059375,           0.0059375
                 208,            0.031982,            0.016513,                   0,                   1,             0.99537,               0.995,              0.6953,            0.017278,           0.0076578,                   0,           0.0059177,           0.0059177,           0.0059177
                 209,            0.030878,            0.019448,                   0,                   1,             0.99537,               0.995,              0.6953,            0.017278,           0.0076578,                   0,            0.005898,            0.005898,            0.005898
                 210,            0.033169,            0.018573,                   0,                   1,             0.99745,               0.995,              0.7165,            0.016957,           0.0076799,                   0,           0.0058783,           0.0058783,           0.0058783
                 211,            0.036417,            0.013875,                   0,                   1,             0.98689,               0.995,             0.69318,            0.018621,           0.0077283,                   0,           0.0058586,           0.0058586,           0.0058586
                 212,            0.031094,             0.01966,                   0,                   1,             0.98689,               0.995,             0.69318,            0.018621,           0.0077283,                   0,           0.0058388,           0.0058388,           0.0058388
                 213,            0.030158,             0.01483,                   0,                   1,             0.99575,               0.995,             0.69599,            0.019483,           0.0075719,                   0,           0.0058191,           0.0058191,           0.0058191
                 214,            0.030097,            0.014021,                   0,             0.99048,             0.92857,              0.9547,             0.67146,            0.021991,           0.0078409,                   0,           0.0057994,           0.0057994,           0.0057994
                 215,            0.036953,            0.020052,                   0,             0.99048,             0.92857,              0.9547,             0.67146,            0.021991,           0.0078409,                   0,           0.0057797,           0.0057797,           0.0057797
                 216,            0.037825,            0.019159,                   0,             0.98815,             0.92857,               0.974,             0.70219,            0.022463,           0.0079339,                   0,             0.00576,             0.00576,             0.00576
                 217,            0.033506,            0.020458,                   0,             0.98815,             0.92857,               0.974,             0.70219,            0.022463,           0.0079339,                   0,           0.0057402,           0.0057402,           0.0057402
                 218,             0.03416,            0.020413,                   0,             0.98927,             0.92857,             0.98625,             0.67823,            0.022966,           0.0081162,                   0,           0.0057205,           0.0057205,           0.0057205
                 219,            0.034426,            0.015722,                   0,             0.98256,             0.92857,             0.97658,             0.61291,            0.023187,           0.0078673,                   0,           0.0057008,           0.0057008,           0.0057008
                 220,            0.029639,            0.020119,                   0,             0.98256,             0.92857,             0.97658,             0.61291,            0.023187,           0.0078673,                   0,           0.0056811,           0.0056811,           0.0056811
                 221,            0.032284,             0.02059,                   0,             0.97564,             0.92857,             0.97658,             0.65185,            0.023369,           0.0076258,                   0,           0.0056614,           0.0056614,           0.0056614
                 222,            0.034144,            0.020822,                   0,             0.95501,             0.92857,             0.96955,             0.66624,            0.019643,           0.0075011,                   0,           0.0056416,           0.0056416,           0.0056416
                 223,            0.040249,            0.017635,                   0,             0.95501,             0.92857,             0.96955,             0.66624,            0.019643,           0.0075011,                   0,           0.0056219,           0.0056219,           0.0056219
                 224,            0.027858,            0.013006,                   0,             0.97658,             0.92857,             0.97167,             0.67789,            0.019366,           0.0075254,                   0,           0.0056022,           0.0056022,           0.0056022
                 225,            0.030641,             0.01486,                   0,             0.97658,             0.92857,             0.97167,             0.67789,            0.019366,           0.0075254,                   0,           0.0055825,           0.0055825,           0.0055825
                 226,            0.031282,            0.016037,                   0,              0.9693,             0.92857,              0.9613,             0.68656,            0.018592,           0.0075932,                   0,           0.0055627,           0.0055627,           0.0055627
                 227,            0.027758,            0.019969,                   0,             0.98547,             0.92857,             0.96761,             0.68282,            0.020765,           0.0074656,                   0,            0.005543,            0.005543,            0.005543
                 228,            0.031073,            0.013294,                   0,             0.98547,             0.92857,             0.96761,             0.68282,            0.020765,           0.0074656,                   0,           0.0055233,           0.0055233,           0.0055233
                 229,            0.032287,            0.015837,                   0,             0.99005,             0.92857,               0.974,             0.68283,            0.019303,           0.0072794,                   0,           0.0055036,           0.0055036,           0.0055036
                 230,            0.028627,            0.015237,                   0,             0.99004,             0.92857,             0.97944,             0.66199,            0.017904,           0.0080554,                   0,           0.0054839,           0.0054839,           0.0054839
                 231,            0.030338,            0.018577,                   0,             0.99004,             0.92857,             0.97944,             0.66199,            0.017904,           0.0080554,                   0,           0.0054641,           0.0054641,           0.0054641
                 232,            0.031196,            0.017324,                   0,             0.99245,             0.92857,             0.98625,             0.55153,            0.021295,           0.0080919,                   0,           0.0054444,           0.0054444,           0.0054444
                 233,             0.02769,            0.015502,                   0,             0.99245,             0.92857,             0.98625,             0.55153,            0.021295,           0.0080919,                   0,           0.0054247,           0.0054247,           0.0054247
                 234,            0.028862,            0.017627,                   0,             0.99206,             0.92857,             0.98625,             0.57398,            0.021467,           0.0080369,                   0,            0.005405,            0.005405,            0.005405
                 235,            0.027886,            0.017986,                   0,              0.9924,             0.92857,             0.98625,             0.71975,            0.018123,           0.0081444,                   0,           0.0053853,           0.0053853,           0.0053853
                 236,            0.031227,            0.016704,                   0,              0.9924,             0.92857,             0.98625,             0.71975,            0.018123,           0.0081444,                   0,           0.0053655,           0.0053655,           0.0053655
                 237,            0.024798,            0.016937,                   0,                   1,             0.92194,             0.98625,             0.71199,            0.018173,           0.0083041,                   0,           0.0053458,           0.0053458,           0.0053458
                 238,            0.029706,            0.012766,                   0,                   1,             0.90715,             0.98625,             0.65666,            0.019388,             0.00842,                   0,           0.0053261,           0.0053261,           0.0053261
                 239,            0.028749,            0.013837,                   0,                   1,             0.90715,             0.98625,             0.65666,            0.019388,             0.00842,                   0,           0.0053064,           0.0053064,           0.0053064
                 240,            0.029619,            0.013732,                   0,             0.92234,             0.92857,             0.98125,             0.67346,            0.016813,           0.0085053,                   0,           0.0052867,           0.0052867,           0.0052867
                 241,            0.024899,            0.014037,                   0,             0.92234,             0.92857,             0.98125,             0.67346,            0.016813,           0.0085053,                   0,           0.0052669,           0.0052669,           0.0052669
                 242,            0.026866,            0.014514,                   0,              0.9225,             0.92857,             0.98125,             0.68097,            0.016094,            0.008708,                   0,           0.0052472,           0.0052472,           0.0052472
                 243,            0.026709,            0.012485,                   0,             0.93279,             0.99186,             0.99033,             0.63394,            0.017992,           0.0079293,                   0,           0.0052275,           0.0052275,           0.0052275
                 244,            0.030545,            0.013785,                   0,             0.93279,             0.99186,             0.99033,             0.63394,            0.017992,           0.0079293,                   0,           0.0052078,           0.0052078,           0.0052078
                 245,            0.027781,            0.015852,                   0,             0.93289,             0.99338,             0.99033,             0.61092,            0.018137,           0.0077908,                   0,            0.005188,            0.005188,            0.005188
                 246,            0.027401,            0.013997,                   0,             0.93292,             0.99379,             0.99033,             0.70074,            0.016133,            0.007828,                   0,           0.0051683,           0.0051683,           0.0051683
                 247,             0.03549,            0.015789,                   0,             0.93292,             0.99379,             0.99033,             0.70074,            0.016133,            0.007828,                   0,           0.0051486,           0.0051486,           0.0051486
                 248,            0.027386,            0.015832,                   0,             0.93291,             0.99362,             0.99033,             0.70736,            0.015016,           0.0078125,                   0,           0.0051289,           0.0051289,           0.0051289
                 249,            0.023628,            0.012755,                   0,             0.93291,             0.99362,             0.99033,             0.70736,            0.015016,           0.0078125,                   0,           0.0051092,           0.0051092,           0.0051092
                 250,            0.030672,            0.019672,                   0,             0.93283,             0.99252,             0.99033,              0.7118,            0.015516,           0.0079226,                   0,           0.0050894,           0.0050894,           0.0050894
                 251,            0.027396,             0.01632,                   0,             0.99292,             0.92857,             0.99033,             0.71593,            0.017181,           0.0080724,                   0,           0.0050697,           0.0050697,           0.0050697
                 252,            0.029918,            0.018206,                   0,             0.99292,             0.92857,             0.99033,             0.71593,            0.017181,           0.0080724,                   0,             0.00505,             0.00505,             0.00505
                 253,            0.025443,            0.016348,                   0,             0.99219,             0.92857,             0.99033,             0.71245,            0.017704,           0.0081234,                   0,           0.0050303,           0.0050303,           0.0050303
                 254,            0.025103,            0.016048,                   0,             0.99246,             0.92857,             0.99033,             0.71597,            0.015888,           0.0080974,                   0,           0.0050106,           0.0050106,           0.0050106
                 255,            0.030997,            0.017461,                   0,             0.99246,             0.92857,             0.99033,             0.71597,            0.015888,           0.0080974,                   0,           0.0049908,           0.0049908,           0.0049908
                 256,            0.029105,            0.017117,                   0,              0.9927,             0.92857,             0.99033,             0.69345,            0.015753,           0.0081627,                   0,           0.0049711,           0.0049711,           0.0049711
                 257,            0.025201,            0.017392,                   0,              0.9927,             0.92857,             0.99033,             0.69345,            0.015753,           0.0081627,                   0,           0.0049514,           0.0049514,           0.0049514
                 258,            0.026442,            0.017759,                   0,                   1,             0.99427,               0.995,             0.64991,            0.016206,           0.0082281,                   0,           0.0049317,           0.0049317,           0.0049317
                 259,            0.027221,            0.014732,                   0,                   1,             0.99676,               0.995,             0.69595,            0.016243,           0.0082545,                   0,            0.004912,            0.004912,            0.004912
                 260,             0.02928,            0.021029,                   0,                   1,             0.99676,               0.995,             0.69595,            0.016243,           0.0082545,                   0,           0.0048922,           0.0048922,           0.0048922
                 261,            0.028107,            0.019214,                   0,                   1,             0.99703,               0.995,              0.7184,            0.016222,           0.0079763,                   0,           0.0048725,           0.0048725,           0.0048725
                 262,            0.031344,            0.017984,                   0,                   1,              0.9985,               0.995,             0.62059,              0.0173,           0.0079935,                   0,           0.0048528,           0.0048528,           0.0048528
                 263,            0.028185,            0.019354,                   0,                   1,              0.9985,               0.995,             0.62059,              0.0173,           0.0079935,                   0,           0.0048331,           0.0048331,           0.0048331
                 264,            0.028494,            0.019008,                   0,                   1,             0.99847,               0.995,             0.65299,            0.014692,           0.0079043,                   0,           0.0048133,           0.0048133,           0.0048133
                 265,            0.022312,            0.014595,                   0,                   1,             0.99847,               0.995,             0.65299,            0.014692,           0.0079043,                   0,           0.0047936,           0.0047936,           0.0047936
                 266,            0.026433,            0.017345,                   0,                   1,             0.99887,               0.995,             0.63444,            0.014658,            0.007905,                   0,           0.0047739,           0.0047739,           0.0047739
                 267,            0.022942,            0.017616,                   0,                   1,             0.99638,               0.995,             0.65739,            0.015691,           0.0078754,                   0,           0.0047542,           0.0047542,           0.0047542
                 268,            0.021477,            0.012665,                   0,                   1,             0.99638,               0.995,             0.65739,            0.015691,           0.0078754,                   0,           0.0047345,           0.0047345,           0.0047345
                 269,             0.02369,            0.012511,                   0,                   1,             0.99586,               0.995,             0.64881,            0.015422,           0.0078411,                   0,           0.0047147,           0.0047147,           0.0047147
                 270,            0.030286,            0.016997,                   0,                   1,             0.99025,               0.995,             0.58101,            0.016525,            0.007627,                   0,            0.004695,            0.004695,            0.004695
                 271,            0.031731,            0.018362,                   0,                   1,             0.99025,               0.995,             0.58101,            0.016525,            0.007627,                   0,           0.0046753,           0.0046753,           0.0046753
                 272,            0.029167,            0.019113,                   0,             0.99617,             0.92857,             0.99033,             0.57447,            0.016377,           0.0075424,                   0,           0.0046556,           0.0046556,           0.0046556
                 273,             0.02756,            0.012904,                   0,             0.99617,             0.92857,             0.99033,             0.57447,            0.016377,           0.0075424,                   0,           0.0046359,           0.0046359,           0.0046359
                 274,            0.024068,            0.015308,                   0,             0.99496,             0.92857,             0.99033,             0.54704,            0.016688,           0.0077131,                   0,           0.0046161,           0.0046161,           0.0046161
                 275,            0.022081,            0.014879,                   0,                   1,             0.99224,               0.995,             0.63458,            0.015985,           0.0074761,                   0,           0.0045964,           0.0045964,           0.0045964
                 276,            0.025723,            0.018173,                   0,                   1,             0.99224,               0.995,             0.63458,            0.015985,           0.0074761,                   0,           0.0045767,           0.0045767,           0.0045767
                 277,            0.023153,            0.014394,                   0,                   1,             0.99293,               0.995,             0.67179,            0.016137,           0.0075161,                   0,            0.004557,            0.004557,            0.004557
                 278,            0.021046,            0.016619,                   0,                   1,             0.99371,               0.995,             0.64012,            0.015988,           0.0080786,                   0,           0.0045373,           0.0045373,           0.0045373
                 279,            0.025508,            0.014308,                   0,                   1,             0.99371,               0.995,             0.64012,            0.015988,           0.0080786,                   0,           0.0045175,           0.0045175,           0.0045175
                 280,            0.021271,            0.018691,                   0,                   1,             0.99578,               0.995,             0.60821,            0.017063,           0.0084436,                   0,           0.0044978,           0.0044978,           0.0044978
                 281,            0.025436,            0.017175,                   0,                   1,             0.99578,               0.995,             0.60821,            0.017063,           0.0084436,                   0,           0.0044781,           0.0044781,           0.0044781
                 282,            0.019181,            0.013812,                   0,                   1,             0.99548,               0.995,             0.59317,            0.018225,            0.008662,                   0,           0.0044584,           0.0044584,           0.0044584
                 283,            0.025125,            0.015927,                   0,                   1,             0.99192,               0.995,             0.64552,            0.017387,           0.0081673,                   0,           0.0044386,           0.0044386,           0.0044386
                 284,            0.025453,            0.015338,                   0,                   1,             0.99192,               0.995,             0.64552,            0.017387,           0.0081673,                   0,           0.0044189,           0.0044189,           0.0044189
                 285,            0.024617,            0.013208,                   0,             0.99035,             0.92857,             0.99033,              0.6438,            0.017446,           0.0079482,                   0,           0.0043992,           0.0043992,           0.0043992
                 286,            0.019067,            0.013713,                   0,             0.93332,             0.99977,             0.99033,             0.62946,            0.016551,           0.0080757,                   0,           0.0043795,           0.0043795,           0.0043795
                 287,            0.022007,            0.015241,                   0,             0.93332,             0.99977,             0.99033,             0.62946,            0.016551,           0.0080757,                   0,           0.0043598,           0.0043598,           0.0043598
                 288,            0.024509,            0.017379,                   0,             0.93301,             0.99514,             0.99033,             0.62789,            0.015938,           0.0082715,                   0,             0.00434,             0.00434,             0.00434
                 289,            0.024115,            0.018833,                   0,             0.93301,             0.99514,             0.99033,             0.62789,            0.015938,           0.0082715,                   0,           0.0043203,           0.0043203,           0.0043203
                 290,            0.022809,             0.01725,                   0,             0.93285,             0.99276,             0.99033,             0.63823,            0.016167,           0.0083559,                   0,           0.0043006,           0.0043006,           0.0043006
                 291,            0.026779,            0.016553,                   0,             0.93268,             0.99019,             0.99033,             0.59255,            0.018335,           0.0088031,                   0,           0.0042809,           0.0042809,           0.0042809
                 292,            0.021781,            0.012508,                   0,             0.93268,             0.99019,             0.99033,             0.59255,            0.018335,           0.0088031,                   0,           0.0042612,           0.0042612,           0.0042612
                 293,            0.024943,            0.014701,                   0,             0.93258,              0.9887,             0.99033,             0.62755,            0.018168,           0.0088484,                   0,           0.0042414,           0.0042414,           0.0042414
                 294,            0.021605,            0.013381,                   0,             0.93266,              0.9899,             0.99033,             0.66498,            0.017834,           0.0084481,                   0,           0.0042217,           0.0042217,           0.0042217
                 295,            0.031939,            0.011584,                   0,             0.93266,              0.9899,             0.99033,             0.66498,            0.017834,           0.0084481,                   0,            0.004202,            0.004202,            0.004202
                 296,            0.029421,            0.015928,                   0,              0.9917,             0.92857,             0.99033,             0.64027,             0.01728,           0.0082812,                   0,           0.0041823,           0.0041823,           0.0041823
                 297,            0.022602,            0.015984,                   0,              0.9917,             0.92857,             0.99033,             0.64027,             0.01728,           0.0082812,                   0,           0.0041625,           0.0041625,           0.0041625
                 298,             0.02406,            0.014493,                   0,             0.99334,             0.92857,             0.99033,             0.62786,            0.017347,           0.0081639,                   0,           0.0041428,           0.0041428,           0.0041428
                 299,            0.026374,            0.014277,                   0,             0.99342,             0.92857,             0.99033,             0.64929,            0.017502,           0.0083673,                   0,           0.0041231,           0.0041231,           0.0041231
                 300,            0.022495,            0.010669,                   0,             0.99342,             0.92857,             0.99033,             0.64929,            0.017502,           0.0083673,                   0,           0.0041034,           0.0041034,           0.0041034
                 301,            0.022077,            0.017935,                   0,             0.99238,             0.92857,             0.99033,             0.63399,            0.017772,           0.0085394,                   0,           0.0040837,           0.0040837,           0.0040837
                 302,             0.02339,             0.01409,                   0,                   1,             0.99272,               0.995,             0.64132,            0.015617,           0.0087056,                   0,           0.0040639,           0.0040639,           0.0040639
                 303,            0.029718,             0.01436,                   0,                   1,             0.99272,               0.995,             0.64132,            0.015617,           0.0087056,                   0,           0.0040442,           0.0040442,           0.0040442
                 304,            0.024375,            0.013808,                   0,                   1,              0.9895,               0.995,             0.64922,            0.017209,           0.0088222,                   0,           0.0040245,           0.0040245,           0.0040245
                 305,            0.024531,            0.013664,                   0,                   1,              0.9895,               0.995,             0.64922,            0.017209,           0.0088222,                   0,           0.0040048,           0.0040048,           0.0040048
                 306,            0.026308,            0.016006,                   0,              0.9927,             0.92857,             0.99033,             0.64314,            0.018378,           0.0088971,                   0,           0.0039851,           0.0039851,           0.0039851
                 307,             0.03314,            0.013567,                   0,             0.92402,                   1,             0.99033,             0.62105,            0.017832,           0.0089569,                   0,           0.0039653,           0.0039653,           0.0039653
                 308,            0.020403,            0.015131,                   0,             0.92402,                   1,             0.99033,             0.62105,            0.017832,           0.0089569,                   0,           0.0039456,           0.0039456,           0.0039456
                 309,            0.028093,            0.014097,                   0,                   1,             0.98973,               0.995,             0.66189,            0.016947,             0.00898,                   0,           0.0039259,           0.0039259,           0.0039259
                 310,            0.025725,             0.01567,                   0,             0.92812,             0.92265,               0.924,             0.64965,             0.01758,           0.0089898,                   0,           0.0039062,           0.0039062,           0.0039062
                 311,            0.021498,            0.013939,                   0,             0.92812,             0.92265,               0.924,             0.64965,             0.01758,           0.0089898,                   0,           0.0038865,           0.0038865,           0.0038865
                 312,            0.020936,            0.017192,                   0,                   1,             0.99298,               0.995,             0.66411,             0.01746,           0.0090261,                   0,           0.0038667,           0.0038667,           0.0038667
                 313,            0.023851,             0.01687,                   0,                   1,             0.99298,               0.995,             0.66411,             0.01746,           0.0090261,                   0,            0.003847,            0.003847,            0.003847
                 314,            0.027183,            0.015291,                   0,                   1,             0.99013,               0.995,              0.6612,            0.017184,           0.0092597,                   0,           0.0038273,           0.0038273,           0.0038273
                 315,            0.023165,             0.01202,                   0,             0.99136,             0.92857,             0.99033,             0.65761,            0.016107,           0.0091479,                   0,           0.0038076,           0.0038076,           0.0038076
                 316,            0.027192,            0.013895,                   0,             0.99136,             0.92857,             0.99033,             0.65761,            0.016107,           0.0091479,                   0,           0.0037878,           0.0037878,           0.0037878
                 317,            0.025078,            0.016529,                   0,             0.99152,             0.92857,             0.99033,             0.65666,            0.016367,            0.009043,                   0,           0.0037681,           0.0037681,           0.0037681
                 318,            0.026114,            0.015611,                   0,             0.99127,             0.92857,             0.99033,             0.65306,            0.018359,           0.0087264,                   0,           0.0037484,           0.0037484,           0.0037484
                 319,            0.023793,            0.015681,                   0,             0.99127,             0.92857,             0.99033,             0.65306,            0.018359,           0.0087264,                   0,           0.0037287,           0.0037287,           0.0037287
                 320,            0.023208,            0.014596,                   0,              0.9257,                   1,             0.99033,             0.65678,            0.016536,            0.008589,                   0,            0.003709,            0.003709,            0.003709
                 321,            0.024874,            0.010578,                   0,              0.9257,                   1,             0.99033,             0.65678,            0.016536,            0.008589,                   0,           0.0036892,           0.0036892,           0.0036892
                 322,            0.021294,            0.014103,                   0,             0.92876,                   1,             0.99033,             0.64769,            0.016383,           0.0085692,                   0,           0.0036695,           0.0036695,           0.0036695
                 323,            0.028316,            0.013945,                   0,             0.93325,             0.99876,             0.99033,             0.65177,            0.016841,           0.0086582,                   0,           0.0036498,           0.0036498,           0.0036498
                 324,            0.024467,            0.014161,                   0,             0.93325,             0.99876,             0.99033,             0.65177,            0.016841,           0.0086582,                   0,           0.0036301,           0.0036301,           0.0036301
                 325,            0.025492,            0.016321,                   0,             0.93332,             0.99978,             0.99033,             0.63345,            0.016807,           0.0086613,                   0,           0.0036104,           0.0036104,           0.0036104
                 326,            0.022031,            0.013632,                   0,             0.93198,                   1,             0.99033,              0.6564,            0.015856,            0.008997,                   0,           0.0035906,           0.0035906,           0.0035906
                 327,            0.023441,            0.012323,                   0,             0.93198,                   1,             0.99033,              0.6564,            0.015856,            0.008997,                   0,           0.0035709,           0.0035709,           0.0035709
                 328,            0.026752,            0.013324,                   0,             0.93173,                   1,             0.99033,             0.64664,            0.016013,           0.0091593,                   0,           0.0035512,           0.0035512,           0.0035512
                 329,            0.025594,            0.015195,                   0,             0.93173,                   1,             0.99033,             0.64664,            0.016013,           0.0091593,                   0,           0.0035315,           0.0035315,           0.0035315
                 330,            0.022887,            0.011839,                   0,              0.9314,                   1,             0.99033,             0.64216,            0.016222,           0.0093727,                   0,           0.0035118,           0.0035118,           0.0035118
                 331,            0.028482,            0.017198,                   0,             0.93331,             0.99962,             0.99033,             0.64016,            0.016314,           0.0092354,                   0,            0.003492,            0.003492,            0.003492
                 332,            0.025362,            0.014799,                   0,             0.93331,             0.99962,             0.99033,             0.64016,            0.016314,           0.0092354,                   0,           0.0034723,           0.0034723,           0.0034723
                 333,            0.028155,            0.016487,                   0,             0.93261,                   1,             0.99033,             0.64213,            0.016117,           0.0088873,                   0,           0.0034526,           0.0034526,           0.0034526
                 334,             0.02012,            0.013083,                   0,             0.93249,                   1,             0.99033,             0.64709,            0.015754,           0.0085812,                   0,           0.0034329,           0.0034329,           0.0034329
                 335,            0.023297,            0.012063,                   0,             0.93249,                   1,             0.99033,             0.64709,            0.015754,           0.0085812,                   0,           0.0034131,           0.0034131,           0.0034131
                 336,            0.018076,             0.01129,                   0,             0.92996,                   1,             0.99033,             0.65007,            0.015793,           0.0085833,                   0,           0.0033934,           0.0033934,           0.0033934
